page,index,name,thumbnail_url,tags,ingredients,steps,step_images
1,1,당근 양념겉절이,https://www.koreatemplefood.com/INC/thumb10.php?file=/upload/templefood/FoodDbRecipe11139_a.jpg,"['계절식', '여름', '부식', '김치류', '무치기']","['겉절이채소\n40 g', '깨소금\n약간', '당근 양념\n3 테이블스푼', '(당근 양념)', '당근\n100 g', '매실청\n2 테이블스푼', '올리브오일\n1/3 컵', '소금\n0.3 테이블스푼']","['1. 겉절이채소는 양상추, 치커리, 샐러드채소를 준비하여 물에 씻어 먹기 좋은 크기로 썬다.', '2. 당근, 매실청, 올리브오일을 섞어 양념을 만든다.', '3. 당근은 껍질을 벗겨 믹서에 곱게 갈아 나머지 양념과 골고루 섞는다.', '4. 겉절이채소에 당근 양념을 넣어 골고루 무친다.']","['https://www.koreatemplefood.com/INC/thumb05.php?file=/upload/templefood/FoodDbRecipe11139_a.jpg', 'https://www.koreatemplefood.com/INC/thumb05.php?file=/upload/templefood/FoodDbRecipe11139_b.jpg']"
1,2,연근백김치,https://www.koreatemplefood.com/INC/thumb10.php?file=/upload/templefood/FoodDbRecipe11111_a.jpg,"['계절식', '가을', '부식', '김치류', '발효']","['연근\n100 g', '소금\n적당량', '미나리\n20 g', '배\n1/6 개', '잣\n1 테이블스푼', '다시마 국물\n1 컵']","['1. 연근은 껍질을 벗기고 씻어서 얇게 썬다.', '2. 소금을 뿌려 10분 정도 절인다.', '3. 미나리는 다듬어 2~3cm 길이로 썬다.', '4. 배, 잣, 다시마 국물은 믹서에 넣고 갈아서 소금으로 간을 한다.', '5. 절인 연근과 미나리에 국물을 붓고 익혀서 냉장 보관한다.']","['https://www.koreatemplefood.com/INC/thumb05.php?file=/upload/templefood/FoodDbRecipe11111_a.jpg', 'https://www.koreatemplefood.com/INC/thumb05.php?file=/upload/templefood/FoodDbRecipe11111_b.jpg']"
1,3,늙은 호박 양념겉절이,https://www.koreatemplefood.com/INC/thumb10.php?file=/upload/templefood/FoodDbRecipe11123_a.jpg,"['계절식', '겨울', '부식', '김치류', '무치기']","['겉절이채소\n50 g', '버섯\n50 g', '식용유\n적당량', '소금\n약간', '(늙은 호박 양념)', '늙은 호박\n50 g', '올리브오일\n1.5 테이블스푼', '집간장\n1/2 테이블스푼', '조청\n1 테이블스푼', '식초\n1 테이블스푼', '소금\n약간']","['1. 겉절이채소는 다듬어 먹기 좋게 썬다.', '2. 버섯은 양송이버섯, 느타리버섯, 새송이버섯을 준비하여 손질한다.', '3.팬에 식용유를 두르고 버섯을 넣어 센 불에 볶아서 소금으로 간을 한다.', '4. 늙은 호박은 찜통에 쪄서 껍질을 벗기고 나머지 양념 재료와 함께 믹서에 넣어 간다.', '5. 그릇에 겉절이채소와 버섯을 담고 늙은 호박 양념을 곁들이거나 끼얹는다.']","['https://www.koreatemplefood.com/INC/thumb05.php?file=/upload/templefood/FoodDbRecipe11123_a.jpg', 'https://www.koreatemplefood.com/INC/thumb05.php?file=/upload/templefood/FoodDbRecipe11123_b.jpg']"
1,4,수삼물김치,https://www.koreatemplefood.com/INC/thumb10.php?file=/upload/templefood/FoodDbRecipe11064_a.jpg,"['계절식', '겨울', '부식', '김치류', '발효']","['배추\n4 장', '무\n1/4 개', '수삼\n1 개', '미나리\n50 g', '청고추\n1 개', '홍고추\n1/2 개', '당근\n30 g', '소금\n2 테이블스푼', '(쌀풀)', '쌀가루\n1/2 컵', '물\n10 컵', '(김치국물)', '쌀풀', '배\n1/4 개', '사과\n1/4 개', '소금\n2 테이블스푼', '고춧가루\n1 테이블스푼', '생강즙\n1 테이블스푼']","['1. 배추는 깨끗이 씻어 3 × 3cm 크기로 자른다.', '2. 무는 깨끗이 씻어 껍질을 벗기고 깨끗이 씻어 3 × 3 × 0.3cm 크기로 자른다.', '3. 배추와 무에 소금을 뿌려 1시간 정도 절인 후 물에 한두 번 헹구어 물기를 뺀다.', '4. 미나리는 뿌리 쪽을 잡고 밑둥을 잘라준다.', '5. 미나리를를 흐르는 물에 2~3번 정도 씻어 4cm 길이로 자른다.', '6. 수삼도 깨끗이 씻어 3 × 3cm 크기로 자른다.', '7. 청·홍고추는 깨끗이 씻어 씨를 털어내고 0.3cm 너비로 길게 어슷 썬다.', '8. 냄비에 물을 붓고 쌀가루를 고루 풀어 10분 정도 둔 뒤, 불을 켜고 약한 불에서 나무주걱으로 저어가며 20분 정도 끓여 식힌다.', '9. 배, 사과는 깨끗이 씻어 껍질을 벗기고 각각 강판에 갈아 즙을 만든다.', '10. 고춧가루를 베 보자기에 넣고 풀에 담가 주황색이 될 때까지 1분 정도 흔들고, 배즙, 사과즙을 섞는다.', '11. 저장 용기에 배추, 무, 수삼, 미나리, 홍고추를 넣고 고루 섞어준 다음 김치 국물을 붓는다.']","['https://www.koreatemplefood.com/INC/thumb05.php?file=/upload/templefood/FoodDbRecipe11064_a.jpg', 'https://www.koreatemplefood.com/INC/thumb05.php?file=/upload/templefood/FoodDbRecipe11064_b.jpg', 'https://www.koreatemplefood.com/INC/thumb05.php?file=/upload/templefood/FoodDbRecipe11064_c.jpg']"
1,5,고추김치,https://www.koreatemplefood.com/INC/thumb10.php?file=/upload/templefood/FoodDbRecipe10974_a.jpg,"['계절식', '여름', '부식', '김치류', '발효']","['아삭이고추\n12 개', '무\n1/3 개', '오이\n1/2 개', '당근\n50 g', '배\n1/2 개', '고춧가루\n2 테이블스푼', '소금\n2 테이블스푼', '식초\n2 테이블스푼', '매실효소\n2 테이블스푼']","['1. 무는 깨끗이 씻어 껍질을 벗기고 5 × 0.3cm 크기로 채 썬다.', '2. 오이는 소금으로 문질러 씻어 5 × 0.3cm 크기로 채 썬다.', '3. 당근은 깨끗이 씻어 5 × 0.3cm 크기로 채 썬다.', '4. 무에 고춧가루 1큰술을 넣고 색이 들면 나머지 고춧가루, 소금, 식초를 넣고 버무린다.', '5. 배는 깨끗이 씻어 껍질을 벗기고 5 × 0.3cm 크기로 채 썬다.', '6. 4에 오이, 당근, 배를 넣고 섞어준다.', '7. 아삭이고추를 길이로 길게 한쪽으로 칼집을 내고 씨를 발라낸다.', '8. 아삭이고추에 김치 소를 집어넣고 국물을 끼얹어낸다.']","['https://www.koreatemplefood.com/INC/thumb05.php?file=/upload/templefood/FoodDbRecipe10974_a.jpg', 'https://www.koreatemplefood.com/INC/thumb05.php?file=/upload/templefood/FoodDbRecipe10974_b.jpg', 'https://www.koreatemplefood.com/INC/thumb05.php?file=/upload/templefood/FoodDbRecipe10974_c.jpg']"
1,6,상추대궁 된장겉절이,https://www.koreatemplefood.com/INC/thumb10.php?file=/upload/templefood/FoodDbRecipe10985_a.jpg,"['계절식', '여름', '부식', '김치류', '무치기']","['상추대궁\n200 g', '된장\n2 테이블스푼', '물\n1 테이블스푼', '매실효소\n1 테이블스푼', '고춧가루\n1/2 테이블스푼', '참깨가루\n1 테이블스푼', '식초\n1 테이블스푼']","['1. 상추대궁은 깨끗하게 씻어 손질한 뒤 물기를 털어낸다.', '2. 된장에 물, 매실효소, 고춧가루, 참깨가루, 식초를 넣어 겉절이 양념을 만든다.', '3. 상추대궁에 양념을 넣고 젓가락으로 훌훌 섞어준다.']","['https://www.koreatemplefood.com/INC/thumb05.php?file=/upload/templefood/FoodDbRecipe10985_a.jpg', 'https://www.koreatemplefood.com/INC/thumb05.php?file=/upload/templefood/FoodDbRecipe10985_b.jpg', 'https://www.koreatemplefood.com/INC/thumb05.php?file=/upload/templefood/FoodDbRecipe10985_c.jpg', 'https://www.koreatemplefood.com/INC/thumb05.php?file=/upload/templefood/FoodDbRecipe10985_d.jpg', 'https://www.koreatemplefood.com/INC/thumb05.php?file=/upload/templefood/FoodDbRecipe10985_e.jpg']"
2,1,아카시아 겉절이,https://www.koreatemplefood.com/INC/thumb10.php?file=/upload/templefood/FoodDbRecipe10987_a.jpg,"['계절식', '여름', '부식', '김치류', '무치기']","['아카시아꽃\n50 g', '오이\n2 개', '간장\n1 테이블스푼', '식초\n1 테이블스푼', '배즙\n1 테이블스푼', '검정깨\n1/2 테이블스푼']","['1. 아카시아는 꽃을 따서 깨끗이 씻어서 물기를 뺀다.', '2. 오이는 소금으로 주물러 씻은 뒤 0.2cm 두께로 동그랗게 자른다.', '3. 간장에 배즙, 식초를 넣어 양념을 만든다.', '4. 오이에 양념을 끼얹어 살살 버무려 놓았다가 맛이 들면 아카시꽃과 검정깨를 넣어 무쳐낸다.']","['https://www.koreatemplefood.com/INC/thumb05.php?file=/upload/templefood/FoodDbRecipe10987_a.jpg', 'https://www.koreatemplefood.com/INC/thumb05.php?file=/upload/templefood/FoodDbRecipe10987_b.jpg', 'https://www.koreatemplefood.com/INC/thumb05.php?file=/upload/templefood/FoodDbRecipe10987_c.jpg', 'https://www.koreatemplefood.com/INC/thumb05.php?file=/upload/templefood/FoodDbRecipe10987_d.jpg', 'https://www.koreatemplefood.com/INC/thumb05.php?file=/upload/templefood/FoodDbRecipe10987_e.jpg', 'https://www.koreatemplefood.com/INC/thumb05.php?file=/upload/templefood/FoodDbRecipe10987_f.jpg', 'https://www.koreatemplefood.com/INC/thumb05.php?file=/upload/templefood/FoodDbRecipe10987_g.jpg']"
2,2,열무된장오이겉절이,https://www.koreatemplefood.com/INC/thumb10.php?file=/upload/templefood/FoodDbRecipe10991_a.jpg,"['계절식', '여름', '부식', '김치류', '무치기']","['열무\n1 kg', '오이\n1 개', '홍고추\n1 개', '소금\n1/2 컵', '(겉절이양념)', '채수\n1/2 컵', '된장\n2 테이블스푼', '고춧가루\n1/2 테이블스푼', '매실효소\n1 테이블스푼', '식초\n1 테이블스푼', '참깨\n1 테이블스푼']","['1. 열무는 줄기와 무의 연결부분을 깨끗하게 손질한다.', '2.열무 줄기를 소금으로 주물러 씻은 뒤 물기를 꼭 짜고, 칼등으로 자근자근 두드려 4cm 길이로 자른다.', '3. 오이는 소금으로 문질러 씻은 뒤 0.5cm 두께로 길게 어슷 썬다.', '4. 홍고추는 깨끗이 씻어 4 × 0.3cm 크기로 채 썬다.', '5. 채수에 된장을 풀어 체에 내린 뒤 고춧가루, 매실효소, 식초, 참깨를 넣어 겉절이 양념을 만든 후 오이를 먼저 섞어 놓는다.', '6. 김치 양념이된 오이에 절인 열무, 홍고추를 넣고 버무린다.']","['https://www.koreatemplefood.com/INC/thumb05.php?file=/upload/templefood/FoodDbRecipe10991_a.jpg', 'https://www.koreatemplefood.com/INC/thumb05.php?file=/upload/templefood/FoodDbRecipe10991_b.jpg', 'https://www.koreatemplefood.com/INC/thumb05.php?file=/upload/templefood/FoodDbRecipe10991_c.jpg', 'https://www.koreatemplefood.com/INC/thumb05.php?file=/upload/templefood/FoodDbRecipe10991_d.jpg', 'https://www.koreatemplefood.com/INC/thumb05.php?file=/upload/templefood/FoodDbRecipe10991_e.jpg', 'https://www.koreatemplefood.com/INC/thumb05.php?file=/upload/templefood/FoodDbRecipe10991_f.jpg']"
2,3,대나무동치미,https://www.koreatemplefood.com/INC/thumb10.php?file=/upload/templefood/FoodDbRecipe11010_a.jpg,"['계절식', '가을', '부식', '김치류', '발효']","['동치미무\n4 kg', '생강\n40 g', '고추씨\n1/2 컵', '청고추\n20 개', '청각\n50 g', '배\n1 개', '사과\n1 개', '소금\n3 컵', '갓\n200 g', '물\n12 컵', '대나무\n2 가지']","['1. 무는 작고 단단한 것을 골라 껍질째 깨끗이 씻어서 소금에 굴려 하루 정도 절인다.', '2. 무청(무 이파리)은 누런 잎을 떼어내고 깨끗이 씻어 소금에 살짝 절여 씻어 놓는다.', '3. 생강은 씻어 저민다.', '4. 고추씨와 저민 생강을 자루에 담아 독 밑에 넣고 갓, 무청, 청각, 청고추를 넣는다.', '5. 사과는 깨끗이 씻어 씨를 빼고 껍질 째 6등분한다.', '6. 배는 깨끗이 씻어 씨를 빼고 껍질 째 6등분한다.', '7. 절인 무는 물에 씻어 독에 차곡차곡 넣고 무청, 사과, 배, 4의 자루를 넣는다.', '8. 무가 절여지며 생긴 소금물에 무 씻은 물을 섞어 간을 하여 부은 뒤 대나무 잎으로 덮는다.']","['https://www.koreatemplefood.com/INC/thumb05.php?file=/upload/templefood/FoodDbRecipe11010_a.jpg', 'https://www.koreatemplefood.com/INC/thumb05.php?file=/upload/templefood/FoodDbRecipe11010_b.jpg', 'https://www.koreatemplefood.com/INC/thumb05.php?file=/upload/templefood/FoodDbRecipe11010_c.jpg', 'https://www.koreatemplefood.com/INC/thumb05.php?file=/upload/templefood/FoodDbRecipe11010_d.jpg', 'https://www.koreatemplefood.com/INC/thumb05.php?file=/upload/templefood/FoodDbRecipe11010_e.jpg', 'https://www.koreatemplefood.com/INC/thumb05.php?file=/upload/templefood/FoodDbRecipe11010_f.jpg']"
2,4,된장 갓김치,https://www.koreatemplefood.com/INC/thumb10.php?file=/upload/templefood/FoodDbRecipe11012_a.jpg,"['계절식', '가을', '부식', '김치류', '발효']","['갓\n400 g', '된장\n2 테이블스푼', '고춧가루\n1/4 컵', '찹쌀죽\n5 컵', '소금\n1 컵', '간장\n1 테이블스푼', '홍시\n1 개', '생강\n20 g', '(찹쌀죽)', '찹쌀\n1/2 컵', '물\n10 컵', '건다시마\n3 장']","['1. 갓은 다듬어 씻어 소금물(소금 1C, 물 8C)에 고루 절여지도록 아래위로 뒤집어 1시간 정도 절인 후 씻어 건진다.', '2. 찹쌀, 다시마, 물을 넣고 끓여 찹쌀이 퍼지게 찹쌀죽을 쑨다.', '3. 찹쌀죽이 식기 전에 된장을 체에 놓고 풀어 고춧가루, 생강, 홍시, 간장, 소금을 넣는다.', '4. 양념이 식기 전에 갓을 버무려 용기에 담는다.']","['https://www.koreatemplefood.com/INC/thumb05.php?file=/upload/templefood/FoodDbRecipe11012_a.jpg', 'https://www.koreatemplefood.com/INC/thumb05.php?file=/upload/templefood/FoodDbRecipe11012_b.jpg', 'https://www.koreatemplefood.com/INC/thumb05.php?file=/upload/templefood/FoodDbRecipe11012_c.jpg', 'https://www.koreatemplefood.com/INC/thumb05.php?file=/upload/templefood/FoodDbRecipe11012_d.jpg', 'https://www.koreatemplefood.com/INC/thumb05.php?file=/upload/templefood/FoodDbRecipe11012_e.jpg']"
2,5,순무깍두기,https://www.koreatemplefood.com/INC/thumb10.php?file=/upload/templefood/FoodDbRecipe11024_a.jpg,"['계절식', '가을', '부식', '김치류', '발효']","['순무(중)\n5 개', '찹쌀죽\n1 컵', '고춧가루\n1 컵', '청고추\n3 개', '홍고추\n3 개', '오미자효소\n1/2 컵', '생강\n40 g', '소금\n3 테이블스푼']","['1. 순무는 껍질째 깨끗이 씻는다.', '2. 순무를 칼로 큼직하게 삣듯이 하여 썬다.', '3. 썬 순무를 소금에 살짝 절인다.', '4. 깨끗이 씻은 생강은 껍질을 벗긴 뒤 편 썬다.', '5. 믹서기에 청·홍고추, 생강, 오미자효소를 넣고 거칠게 간다.', '6. 순무를 물에 헹구어 소쿠리에 건진다.', '7. 고춧가루, 찹쌀죽, 소금을 섞어 양념을 만든다.', '8. 순무에 양념을 넣고 버무린다.']","['https://www.koreatemplefood.com/INC/thumb05.php?file=/upload/templefood/FoodDbRecipe11024_a.jpg', 'https://www.koreatemplefood.com/INC/thumb05.php?file=/upload/templefood/FoodDbRecipe11024_b.jpg', 'https://www.koreatemplefood.com/INC/thumb05.php?file=/upload/templefood/FoodDbRecipe11024_c.jpg', 'https://www.koreatemplefood.com/INC/thumb05.php?file=/upload/templefood/FoodDbRecipe11024_d.jpg', 'https://www.koreatemplefood.com/INC/thumb05.php?file=/upload/templefood/FoodDbRecipe11024_e.jpg', 'https://www.koreatemplefood.com/INC/thumb05.php?file=/upload/templefood/FoodDbRecipe11024_f.jpg']"
2,6,좁쌀 알타리김치,https://www.koreatemplefood.com/INC/thumb10.php?file=/upload/templefood/FoodDbRecipe11034_a.jpg,"['계절식', '가을', '부식', '김치류', '발효']","['알타리무\n1.5 kg', '고춧가루\n1 컵', '생강\n10 g', '홍시\n1 개', '소금\n1 컵', '(좁쌀죽)', '좁쌀\n3 테이블스푼', '물\n2 컵', '건다시마\n3 장']","['1. 알타리무의 무와 줄기 경계부분은 칼로 도려낸다.', '2. 알타리무의 아래 뿌리는 칼로 잘라내고 무에 붙어 있는 잔뿌리도 칼로 깔끔하게 정리한다.', '3. 흙이 묻어 있는 부분을 문지르며 깨끗한 물로 여러 번 씻는다.', '4. 손질한 알타리무를 소금물에 1시간 동안 절인다.', '5. 손질한 알타리무를 맑은 물에 두 번 정도 헹구고 채반에 담아 물기를 뺀다.', '6. 냄비에 좁쌀, 다시마, 물을 붓고 끓여 좁쌀죽을 쑤어 식힌다.', '7. 좁쌀죽에 고춧가루, 생강, 홍시, 소금을 넣어 간간하게 양념을 만든다.', '8. 알타리무를 좁쌀죽 양념에 넣고 고루 버무려 익힌다.']","['https://www.koreatemplefood.com/INC/thumb05.php?file=/upload/templefood/FoodDbRecipe11034_a.jpg', 'https://www.koreatemplefood.com/INC/thumb05.php?file=/upload/templefood/FoodDbRecipe11034_b.jpg', 'https://www.koreatemplefood.com/INC/thumb05.php?file=/upload/templefood/FoodDbRecipe11034_c.jpg', 'https://www.koreatemplefood.com/INC/thumb05.php?file=/upload/templefood/FoodDbRecipe11034_d.jpg', 'https://www.koreatemplefood.com/INC/thumb05.php?file=/upload/templefood/FoodDbRecipe11034_e.jpg', 'https://www.koreatemplefood.com/INC/thumb05.php?file=/upload/templefood/FoodDbRecipe11034_f.jpg', 'https://www.koreatemplefood.com/INC/thumb05.php?file=/upload/templefood/FoodDbRecipe11034_g.jpg', 'https://www.koreatemplefood.com/INC/thumb05.php?file=/upload/templefood/FoodDbRecipe11034_h.jpg']"
3,1,홍시배추김치,https://www.koreatemplefood.com/INC/thumb10.php?file=/upload/templefood/FoodDbRecipe11039_a.jpg,"['계절식', '가을', '부식', '김치류', '발효']","['배추\n5 통', '무\n1 개', '홍시\n5 개', '갓\n200 g', '생강\n20 g', '고춧가루\n1 컵', '청각\n50 g', '간장\n2 테이블스푼', '소금\n2 컵', '(찹쌀죽)', '찹쌀\n1/2 컵', '물\n5 컵', '건다시마\n5 장']","['1. 배추 밑동에 칼집을 내고 반으로 가른다.', '2. 가른 배추는 소금물에 절인 후 줄기 부분에 소금을 뿌린다.', '3. 배추는 3시간 정도 소금에 절인다.', '4. 절인 배추를 씻는다.', '5. 씻은 배추를 채반에 건져 엎어 물기를 뺀다.', '6. 홍시는 껍질을 벗겨 씨를 빼서 으깬다.', '7. 깨끗이 씻은 갓을 2cm 크기로 자른다.', '8. 깨끗이 씻은 생강의 껍질을 벗기고 0.3cm 크기로 다진다.', '9. 깨끗이 씻은 무의 껍질을 벗기고 5 × 0.5cm 크기로 채 썬다.', '10. 채 썬 무와 고춧가루를 함께 버무린다.', '11. 청각은 1cm 크기로 다진다.', '12. 냄비에 찹쌀, 다시마, 물을 넣고 끓여 찹쌀죽을 쑨다.', '13. 찹쌀죽에 홍시, 다진 생강, 고춧가루, 간장, 소금을 넣는다.', '14. 고춧가루에 버무린 무채에 양념한 찹쌀죽을 넣고 골고루 섞는다.', '15. 갓, 다진 청각을 넣고 버무려 배춧잎 사이에 속을 조금씩 펴서 넣어 겉잎으로 감싼다.']","['https://www.koreatemplefood.com/INC/thumb05.php?file=/upload/templefood/FoodDbRecipe11039_a.jpg', 'https://www.koreatemplefood.com/INC/thumb05.php?file=/upload/templefood/FoodDbRecipe11039_b.jpg', 'https://www.koreatemplefood.com/INC/thumb05.php?file=/upload/templefood/FoodDbRecipe11039_c.jpg', 'https://www.koreatemplefood.com/INC/thumb05.php?file=/upload/templefood/FoodDbRecipe11039_d.jpg', 'https://www.koreatemplefood.com/INC/thumb05.php?file=/upload/templefood/FoodDbRecipe11039_e.jpg', 'https://www.koreatemplefood.com/INC/thumb05.php?file=/upload/templefood/FoodDbRecipe11039_f.jpg']"
3,2,장 김치,https://www.koreatemplefood.com/INC/thumb10.php?file=/upload/templefood/FoodDbRecipe10925_a.jpg,"['계절식', '겨울', '부식', '김치류', '발효']","['배추(중)\n1/4 포기', '무\n1/2 개', '진간장\n1 컵', '갓\n50 g', '미나리\n50 g', '배\n1/2 개', '건표고\n2 개', '잣\n1 테이블스푼', '밤\n2 개', '생강\n40 g', '설탕\n2 테이블스푼', '소금\n2 테이블스푼', '실고추\n2 g']","['1. 배추는 깨끗이 씻는다.', '2. 깨끗이 씻은 배추는 3cm 길이로 썬다.', '3. 무는 깨끗이 씻는다.', '4. 무의 껍질을 벗긴 뒤 3 × 3 × 0.5cm 크기로 자른다.', '5. 배추와 무는 진간장으로 함께 절인다.', '6. 절인 배추와 무에서 간장 물을 따라 낸다.', '7. 미나리는 뿌리 쪽을 잡고 밑둥을 잘라준다.', '8. 큰 그릇에 물을 받아 미나리를 넣고 식초를 2큰술 정도 넣어 잘 섞어준다.', '9. 미나리를 흐르는 물에 2~3번 정도 씻는다.', '10. 씻은 미나리는 3cm 길이로 자른다.', '11. 깨끗이 씻은 갓은 3cm 길이로 자른다.', '12. 실고추는 3cm 길이로 자른다.', '13. 깨끗이 씻은 생강의 껍질을 벗긴 뒤 0.3cm 너비로 채 썬다.', '14. 깨끗이 씻은 배의 껍질을 벗긴 뒤 3 × 3 × 0.5cm 크기로 자른다.', '15. 밤은 껍질을 벗겨 0.2cm 두께로 납작하게 썬다.', '16. 준비한 재료를 모두 넣고 양손으로 살살 뒤적이며 버무린다.', '17. 따라 놓은 간장물에 물 3컵을 섞어 설탕과 소금으로 간한다.']","['https://www.koreatemplefood.com/INC/thumb05.php?file=/upload/templefood/FoodDbRecipe10925_a.jpg', 'https://www.koreatemplefood.com/INC/thumb05.php?file=/upload/templefood/FoodDbRecipe10925_b.jpg', 'https://www.koreatemplefood.com/INC/thumb05.php?file=/upload/templefood/FoodDbRecipe10925_c.jpg', 'https://www.koreatemplefood.com/INC/thumb05.php?file=/upload/templefood/FoodDbRecipe10925_d.jpg', 'https://www.koreatemplefood.com/INC/thumb05.php?file=/upload/templefood/FoodDbRecipe10925_e.jpg', 'https://www.koreatemplefood.com/INC/thumb05.php?file=/upload/templefood/FoodDbRecipe10925_f.jpg', 'https://www.koreatemplefood.com/INC/thumb05.php?file=/upload/templefood/FoodDbRecipe10925_g.jpg', 'https://www.koreatemplefood.com/INC/thumb05.php?file=/upload/templefood/FoodDbRecipe10925_h.jpg', 'https://www.koreatemplefood.com/INC/thumb05.php?file=/upload/templefood/FoodDbRecipe10925_i.jpg']"
3,3,머위겉절이,https://www.koreatemplefood.com/INC/thumb10.php?file=/upload/templefood/FoodDbRecipe10940_a.jpg,"['계절식', '봄', '부식', '김치류', '무치기']","['어린머위잎\n200 g', '(양념장)', '간장\n2 테이블스푼', '고춧가루\n1/2 테이블스푼', '배즙\n3 테이블스푼', '식초\n1 테이블스푼', '참깨\n1 테이블스푼']","['1. 손질한 어린 머위를 받아 놓은 물에 조심해서 씻는다.', '2. 간장, 고춧가루, 배즙, 식초, 참깨를 섞어 양념장을 만든다.', '3. 머위잎에 양념장을 넣고 살살 무친다.']","['https://www.koreatemplefood.com/INC/thumb05.php?file=/upload/templefood/FoodDbRecipe10940_a.jpg', 'https://www.koreatemplefood.com/INC/thumb05.php?file=/upload/templefood/FoodDbRecipe10940_b.jpg', 'https://www.koreatemplefood.com/INC/thumb05.php?file=/upload/templefood/FoodDbRecipe10940_c.jpg']"
3,4,세발나물 겉절이,https://www.koreatemplefood.com/INC/thumb10.php?file=/upload/templefood/FoodDbRecipe10954_a.jpg,"['계절식', '봄', '부식', '김치류', '무치기']","['세발나물\n200 g', '(양념장)', '간장\n2 테이블스푼', '배즙\n3 테이블스푼', '식초\n1 테이블스푼', '고춧가루\n1/2 테이블스푼', '참깨\n1 테이블스푼']","['1. 세발나물은 억센 줄기를 잘라낸다.', '2. 잘라낸 세발나물은 흐르는 물에 살살 흔들어 씻는다.', '3. 씻은 세발나물을 건져 물기를 뺀다.', '4. 간장, 배즙, 식초, 고춧가루, 참깨를 섞어 양념장을 만든다.', '5. 손질한 세발나물에 양념장을 넣고 살살 버무린다.']","['https://www.koreatemplefood.com/INC/thumb05.php?file=/upload/templefood/FoodDbRecipe10954_a.jpg', 'https://www.koreatemplefood.com/INC/thumb05.php?file=/upload/templefood/FoodDbRecipe10954_b.jpg', 'https://www.koreatemplefood.com/INC/thumb05.php?file=/upload/templefood/FoodDbRecipe10954_c.jpg', 'https://www.koreatemplefood.com/INC/thumb05.php?file=/upload/templefood/FoodDbRecipe10954_d.jpg', 'https://www.koreatemplefood.com/INC/thumb05.php?file=/upload/templefood/FoodDbRecipe10954_e.jpg', 'https://www.koreatemplefood.com/INC/thumb05.php?file=/upload/templefood/FoodDbRecipe10954_f.jpg', 'https://www.koreatemplefood.com/INC/thumb05.php?file=/upload/templefood/FoodDbRecipe10954_g.jpg']"
3,5,양배추 물김치,https://www.koreatemplefood.com/INC/thumb10.php?file=/upload/templefood/FoodDbRecipe10839_a.jpg,"['계절식', '여름', '부식', '김치류', '발효']","['양배추\n1/3 개', '홍피망\n3 개', '매실효소\n1 컵', '보리가루\n1/2 컵', '소금\n1/2 컵', '고춧가루\n1/2 컵']","['1. 양배추는 굵은 심은 제거하고 3 × 2cm 크기로 자른다.', '2. 자른 양배추는 소금에 살짝 절인다.', '3. 보리가루를 물 3컵에 개어 준 뒤 냄비에 넣고 끓여 풀을 만들어 차갑게 식힌다.', '4. 홍피망은 잘게 썰어 고춧가루, 매실효소, 소금을 넣고 곱게 간다.', '5. 볼에 보리가루풀과 3의 갈아 놓은 김치 물을 잘 섞는다.', '6. 살짝 절인 양배추를 물에 헹군다.', '7. 양배추의 물기를 뺀 후 살살 버무린다.']","['https://www.koreatemplefood.com/INC/thumb05.php?file=/upload/templefood/FoodDbRecipe10839_a.jpg', 'https://www.koreatemplefood.com/INC/thumb05.php?file=/upload/templefood/FoodDbRecipe10839_b.jpg', 'https://www.koreatemplefood.com/INC/thumb05.php?file=/upload/templefood/FoodDbRecipe10839_c.jpg', 'https://www.koreatemplefood.com/INC/thumb05.php?file=/upload/templefood/FoodDbRecipe10839_d.jpg', 'https://www.koreatemplefood.com/INC/thumb05.php?file=/upload/templefood/FoodDbRecipe10839_e.jpg', 'https://www.koreatemplefood.com/INC/thumb05.php?file=/upload/templefood/FoodDbRecipe10839_f.jpg', 'https://www.koreatemplefood.com/INC/thumb05.php?file=/upload/templefood/FoodDbRecipe10839_g.jpg', 'https://www.koreatemplefood.com/INC/thumb05.php?file=/upload/templefood/FoodDbRecipe10839_h.jpg']"
3,6,열무숙지,https://www.koreatemplefood.com/INC/thumb10.php?file=/upload/templefood/FoodDbRecipe10841_a.jpg,"['계절식', '여름', '부식', '김치류', '무치기']","['열무\n1 kg', '보리가루\n1/2 컵', '소금\n1 티스푼', '(양념)', '고춧가루\n1/3 컵', '청고추\n3 개', '홍고추\n3 개', '매실효소\n3 테이블스푼', '참깨가루\n3 테이블스푼', '간장\n3 테이블스푼']","['1. 열무는 줄기와 무의 연결부분을 깨끗하게 손질하고 끝 뿌리부분은 잘라서 손질한다.', '2. 손질된 열무는 끓는 물에 줄기가 무르도록 삶는다.', '3. 열무의 물기를 꼭 짠다.', '4. 열무를 칼등으로 자근자근 두드려 4cm 길이로 자른다.', '5. 보리가루는 물 1컵을 넣고 되직하게 풀을 쑨다.', '6. 청·홍고추는 깨끗이 씻어 믹서기에 갈아 놓는다.', '7. 보리가루풀에 고춧가루, 청고추, 홍고추, 매실효소, 참깨가루, 간장을 넣는다.', '8. 만든 양념을 열무와 섞어 살살 버무린다.']","['https://www.koreatemplefood.com/INC/thumb05.php?file=/upload/templefood/FoodDbRecipe10841_a.jpg', 'https://www.koreatemplefood.com/INC/thumb05.php?file=/upload/templefood/FoodDbRecipe10841_b.jpg', 'https://www.koreatemplefood.com/INC/thumb05.php?file=/upload/templefood/FoodDbRecipe10841_c.jpg', 'https://www.koreatemplefood.com/INC/thumb05.php?file=/upload/templefood/FoodDbRecipe10841_d.jpg', 'https://www.koreatemplefood.com/INC/thumb05.php?file=/upload/templefood/FoodDbRecipe10841_e.jpg', 'https://www.koreatemplefood.com/INC/thumb05.php?file=/upload/templefood/FoodDbRecipe10841_f.jpg']"
4,1,자소상추된장겉절이,https://www.koreatemplefood.com/INC/thumb10.php?file=/upload/templefood/FoodDbRecipe10849_a.jpg,"['계절식', '여름', '부식', '김치류', '무치기']","['자소 새순\n40 g', '상추 작은잎\n50 g', '된장\n2 테이블스푼', '매실효소\n2 테이블스푼', '고춧가루\n1 테이블스푼', '참깨\n2 테이블스푼']","['1. 자소는 깨끗하게 씻어 크기에 따라 4~6등분 한다.', '2. 자른 자소의 물기를 뺀다.', '3. 상추는 깨끗하게 씻어서 크기에 따라 4~6등분 한다.', '4. 자른 상추의 물기를 뺀다.', '5. 된장에 매실효소를 넣어 잘 섞고 고춧가루, 참깨를 비벼서 넣어 양념장을 만든다.', '6. 준비한 자소와 상추에 된장 양념을 넣어 골고루 잘 섞는다.']","['https://www.koreatemplefood.com/INC/thumb05.php?file=/upload/templefood/FoodDbRecipe10849_a.jpg', 'https://www.koreatemplefood.com/INC/thumb05.php?file=/upload/templefood/FoodDbRecipe10849_b.jpg', 'https://www.koreatemplefood.com/INC/thumb05.php?file=/upload/templefood/FoodDbRecipe10849_c.jpg', 'https://www.koreatemplefood.com/INC/thumb05.php?file=/upload/templefood/FoodDbRecipe10849_d.jpg', 'https://www.koreatemplefood.com/INC/thumb05.php?file=/upload/templefood/FoodDbRecipe10849_e.jpg']"
4,2,참비름오이겉절이,https://www.koreatemplefood.com/INC/thumb10.php?file=/upload/templefood/FoodDbRecipe10853_a.jpg,"['계절식', '여름', '부식', '김치류', '무치기']","['참비름\n200 g', '오이\n1/2 개', '소금\n1 테이블스푼', '(양념)', '간장\n1 테이블스푼', '물\n2 테이블스푼', '고춧가루\n1/2 테이블스푼', '설탕\n1 티스푼', '식초\n1 티스푼', '참깨\n1/2 테이블스푼']","['1. 참비름은 줄기 쪽 억센 부분을 제거하고 다듬어 준비한다.', '2. 다듬은 참비름을 옅은 소금물에 씻어 준비한다.', '3. 오이는 소금으로 문질러 씻는다.', '4. 씻은 오이는 반으로 갈라 0.7cm 너비로 어슷 썰어 준비한다.', '5. 간장, 물, 고춧가루, 설탕, 식초, 참깨를 버무려 양념을 만든다.', '6. 준비해둔 참비름과 오이에 양념을 넣고 살살 무쳐낸다.']","['https://www.koreatemplefood.com/INC/thumb05.php?file=/upload/templefood/FoodDbRecipe10853_a.jpg', 'https://www.koreatemplefood.com/INC/thumb05.php?file=/upload/templefood/FoodDbRecipe10853_b.jpg', 'https://www.koreatemplefood.com/INC/thumb05.php?file=/upload/templefood/FoodDbRecipe10853_c.jpg', 'https://www.koreatemplefood.com/INC/thumb05.php?file=/upload/templefood/FoodDbRecipe10853_d.jpg', 'https://www.koreatemplefood.com/INC/thumb05.php?file=/upload/templefood/FoodDbRecipe10853_e.jpg', 'https://www.koreatemplefood.com/INC/thumb05.php?file=/upload/templefood/FoodDbRecipe10853_f.jpg', 'https://www.koreatemplefood.com/INC/thumb05.php?file=/upload/templefood/FoodDbRecipe10853_g.jpg', 'https://www.koreatemplefood.com/INC/thumb05.php?file=/upload/templefood/FoodDbRecipe10853_h.jpg', 'https://www.koreatemplefood.com/INC/thumb05.php?file=/upload/templefood/FoodDbRecipe10853_i.jpg', 'https://www.koreatemplefood.com/INC/thumb05.php?file=/upload/templefood/FoodDbRecipe10853_j.jpg']"
4,3,무비늘김치,https://www.koreatemplefood.com/INC/thumb10.php?file=/upload/templefood/FoodDbRecipe10879_a.jpg,"['계절식', '가을', '부식', '김치류', '발효']","['무(중)\n2 개', '배추\n6 장', '청갓\n40 g', '미나리\n20 g', '고춧가루\n1/2 컵', '소금\n1 컵', '다진 생강\n1 테이블스푼', '간장\n1 테이블스푼', '매실효소\n2 테이블스푼']","['1. 무는 희고 단단하며 위아래 굵기가 비슷한 것을 골라 무를 반으로 자르고 반개를 남겨두고, 비늘 모양의 칼집을 내어 소금을 뿌리고 배추와 함께 한 시간 이상 절인다.', '2. 남은 무 반개는 5×0.3cm 크기로 채 썬다.', '3. 미나리는 뿌리 쪽을 잡고 밑동을 잘라준다. 큰 그릇에 물을 받아 미나리를 넣고 식초를 2큰술 정도 넣어 잘 섞어준 뒤 10분 정도 담가 거머리를 제거한다. 흐르는 물에 2~3번 정도 씻어 5cm 길이로 자른다.', '4. 청갓도 시든 잎을 떼고 다듬어 씻어 5cm 길이로 자른다.', '5. 무 비늘이 벌어질 정도로 절여지면 배추와 함께 깨끗이 헹구어 물기를 빼둔다.', '6. 무채에 고춧가루와 생강, 매실효소를 넣어 고루 버무려 놓고, 미나리와 청갓을 넣어 간장으로 간을 맞춰 양념소를 만든다.', '7. 물기를 뺀 무의 칼집 사이사이에 양념소를 끼워 넣는다.', '8. 절인 배추를 비늘김치의 속이 빠지지 않게 감싸서 항아리에 담고, 내놓을 때는 먹기 편한 크기로 잘라서 담아낸다.']","['https://www.koreatemplefood.com/INC/thumb05.php?file=/upload/templefood/FoodDbRecipe10879_a.jpg', 'https://www.koreatemplefood.com/INC/thumb05.php?file=/upload/templefood/FoodDbRecipe10879_b.jpg', 'https://www.koreatemplefood.com/INC/thumb05.php?file=/upload/templefood/FoodDbRecipe10879_c.jpg', 'https://www.koreatemplefood.com/INC/thumb05.php?file=/upload/templefood/FoodDbRecipe10879_d.jpg', 'https://www.koreatemplefood.com/INC/thumb05.php?file=/upload/templefood/FoodDbRecipe10879_e.jpg', 'https://www.koreatemplefood.com/INC/thumb05.php?file=/upload/templefood/FoodDbRecipe10879_f.jpg']"
4,4,붉은갓물김치,https://www.koreatemplefood.com/INC/thumb10.php?file=/upload/templefood/FoodDbRecipe10882_a.jpg,"['계절식', '가을', '부식', '김치류', '발효']","['붉은갓\n1 kg', '미나리\n50 g', '청고추\n3 개', '배\n1 개', '생강\n30 g', '간장\n1 테이블스푼', '소금\n2 컵', '물\n1 컵']","['1. 붉은 갓은 다듬어 씻는다.', '2. 붉은 갓을 소금물에 고루 절여지도록 아래위로 뒤집어 1시간 정도 절인다.', '3. 절인 붉은 갓을 씻어 건진다.', '4. 미나리는 뿌리 쪽을 잡고 밑동을 잘라준다.', '5. 큰 그릇에 물을 받아 미나리를 넣고 식초를 2큰술 정도 넣어 잘 섞어준다.', '6. 미나리를 흐르는 물에 2~3번 정도 씻는다.', '7. 청고추는 깨끗이 씻는다.', '8. 청고추는 중간부분만 반으로 칼집을 낸다.', '9. 깨끗이 씻은 생강과 배의 껍질을 벗긴 뒤 강판에 갈아 즙을 낸다.', '10. 절인 갓과 미나리를 한 가닥씩 추려 반으로 접어 묶는다.', '11. 묶은 갓과 미나리를 항아리에 차곡차곡 담는다.', '12. 배즙에 간장, 소금, 물을 섞는다.', '13. 섞은 배즙을 갓이 잠기게 붓고 그 위에 청고추를 넣는다.']","['https://www.koreatemplefood.com/INC/thumb05.php?file=/upload/templefood/FoodDbRecipe10882_a.jpg', 'https://www.koreatemplefood.com/INC/thumb05.php?file=/upload/templefood/FoodDbRecipe10882_b.jpg', 'https://www.koreatemplefood.com/INC/thumb05.php?file=/upload/templefood/FoodDbRecipe10882_c.jpg', 'https://www.koreatemplefood.com/INC/thumb05.php?file=/upload/templefood/FoodDbRecipe10882_d.jpg', 'https://www.koreatemplefood.com/INC/thumb05.php?file=/upload/templefood/FoodDbRecipe10882_e.jpg', 'https://www.koreatemplefood.com/INC/thumb05.php?file=/upload/templefood/FoodDbRecipe10882_f.jpg', 'https://www.koreatemplefood.com/INC/thumb05.php?file=/upload/templefood/FoodDbRecipe10882_g.jpg', 'https://www.koreatemplefood.com/INC/thumb05.php?file=/upload/templefood/FoodDbRecipe10882_h.jpg']"
4,5,청경채 물김치,https://www.koreatemplefood.com/INC/thumb10.php?file=/upload/templefood/FoodDbRecipe10893_a.jpg,"['계절식', '가을', '부식', '김치류', '발효']","['청경채\n400 g', '미나리\n50 g', '무\n1/2 개', '청고추\n1 개', '홍고추\n1 개', '고춧가루\n2 테이블스푼', '소금\n1 컵', '채수\n3 컵']","['1. 청경채는 깨끗이 씻어 반으로 잘라 소금물에 10분 정도 절인다.', '2. 무의 1/2분량은 2cm 길이로 잘라 위로 칼집을 넣어 소금을 뿌려 1시간 정도 절인다.', '3. 나머지 무는 5×0.3cm 크기로 채 썬다.', '4. 미나리는 뿌리 쪽을 잡고 밑동을 잘라준다. 큰 그릇에 물을 받아 미나리를 넣고 식초를 2큰술 정도 넣어 잘 섞어준 뒤 10분 정도 담가 거머리를 제거한다. 흐르는 물에 2~3번 정도 씻어 4cm 길이로 자른다.', '5. 청·홍고추도 깨끗이 씻어 씨를 제거하고 2×0.3cm 크기로 채 썬다.', '6. 채 썬 무, 미나리, 청·홍고추를 고루 섞어 소금으로 간한다.', '7. 살짝 절인 청경채는 한번 헹구어 채반에 건져 물기를 빼고 켜켜이 양념소를 넣는다.', '8. 충분히 절인 무도 버무려 놓은 양념소를 칼집사이에 꼭꼭 채워 넣어 청경채와 함께 김치통에 차곡차곡 담는다.', '9. 채수 1컵에 고춧가루를 넣고 고운체에 한 번 거른 뒤 소금으로 간을 맞춰 남은 채수 2컵과 섞어 김치통에 붓고 실온에서 익혀 냉장 보관한다.']","['https://www.koreatemplefood.com/INC/thumb05.php?file=/upload/templefood/FoodDbRecipe10893_a.jpg', 'https://www.koreatemplefood.com/INC/thumb05.php?file=/upload/templefood/FoodDbRecipe10893_b.jpg', 'https://www.koreatemplefood.com/INC/thumb05.php?file=/upload/templefood/FoodDbRecipe10893_c.jpg', 'https://www.koreatemplefood.com/INC/thumb05.php?file=/upload/templefood/FoodDbRecipe10893_d.jpg', 'https://www.koreatemplefood.com/INC/thumb05.php?file=/upload/templefood/FoodDbRecipe10893_e.jpg', 'https://www.koreatemplefood.com/INC/thumb05.php?file=/upload/templefood/FoodDbRecipe10893_f.jpg', 'https://www.koreatemplefood.com/INC/thumb05.php?file=/upload/templefood/FoodDbRecipe10893_g.jpg', 'https://www.koreatemplefood.com/INC/thumb05.php?file=/upload/templefood/FoodDbRecipe10893_h.jpg', 'https://www.koreatemplefood.com/INC/thumb05.php?file=/upload/templefood/FoodDbRecipe10893_i.jpg', 'https://www.koreatemplefood.com/INC/thumb05.php?file=/upload/templefood/FoodDbRecipe10893_j.jpg']"
4,6,고춧잎김치,https://www.koreatemplefood.com/INC/thumb10.php?file=/upload/templefood/FoodDbRecipe10897_a.jpg,"['계절식', '겨울', '부식', '김치류', '발효']","['고춧잎\n400 g', '소금\n1 컵', '고춧가루\n2 테이블스푼', '참깨\n1 테이블스푼', '설탕\n1 티스푼']","['1. 고춧잎의 굵은 줄기는 제거하고, 지저분한 잎을 떼어낸 후 깨끗이 씻는다.', '2. 항아리에 고춧잎을 차곡차곡 담고 무거운 돌로 꼭 눌러두고 찬물에 소금을 풀어서 푹 잠길 정도로 살며시 부어 서늘한 곳에서 푹 삭힌다.(30일 정도 두면 노랗게 삭는다.)', '3. 노랗게 삭은 고춧잎을 꺼내어 찬물에 씻어 짠맛과 물기를 뺀다.', '4. 고춧잎에 고춧가루, 참깨, 설탕을 넣어 무친다.']","['https://www.koreatemplefood.com/INC/thumb05.php?file=/upload/templefood/FoodDbRecipe10897_a.jpg', 'https://www.koreatemplefood.com/INC/thumb05.php?file=/upload/templefood/FoodDbRecipe10897_b.jpg', 'https://www.koreatemplefood.com/INC/thumb05.php?file=/upload/templefood/FoodDbRecipe10897_c.jpg', 'https://www.koreatemplefood.com/INC/thumb05.php?file=/upload/templefood/FoodDbRecipe10897_d.jpg', 'https://www.koreatemplefood.com/INC/thumb05.php?file=/upload/templefood/FoodDbRecipe10897_e.jpg', 'https://www.koreatemplefood.com/INC/thumb05.php?file=/upload/templefood/FoodDbRecipe10897_f.jpg']"
5,1,늙은 호박김치,https://www.koreatemplefood.com/INC/thumb10.php?file=/upload/templefood/FoodDbRecipe10903_a.jpg,"['계절식', '겨울', '부식', '김치류', '발효']","['늙은 호박(소)\n1 개', '무청\n1 kg', '소금\n2 컵', '고춧가루\n2 컵', '생강\n40 g', '찹쌀가루\n1 컵', '감초물\n2 컵']","['1. 늙은 호박은 껍질을 벗기고 반을 갈라서 속을 파낸 후 5 × 3 × 1cm 크기로 잘라 소금에 절여둔다.', '2. 무청은 시든 잎은 떼어 내고 소금을 약간 넣어 절여둔다.', '3. 감초물에 찹쌀가루를 풀어 찹쌀풀을 쑤어서 차게 식혀둔다.', '4. 절여놓은 호박과 무청을 씻어 건진다.', '5. 생강은 깨끗이 씻어 껍질을 벗기고 곱게 다진다.', '6. 3의 찹쌀풀에 고춧가루, 생강으로 양념을 한다.', '7. 고춧가루 색깔이 곱게 어우러지면 4의 재료를 넣고 버무려서 그릇에 담아 익힌다.']","['https://www.koreatemplefood.com/INC/thumb05.php?file=/upload/templefood/FoodDbRecipe10903_a.jpg', 'https://www.koreatemplefood.com/INC/thumb05.php?file=/upload/templefood/FoodDbRecipe10903_b.jpg', 'https://www.koreatemplefood.com/INC/thumb05.php?file=/upload/templefood/FoodDbRecipe10903_c.jpg', 'https://www.koreatemplefood.com/INC/thumb05.php?file=/upload/templefood/FoodDbRecipe10903_d.jpg', 'https://www.koreatemplefood.com/INC/thumb05.php?file=/upload/templefood/FoodDbRecipe10903_e.jpg', 'https://www.koreatemplefood.com/INC/thumb05.php?file=/upload/templefood/FoodDbRecipe10903_f.jpg', 'https://www.koreatemplefood.com/INC/thumb05.php?file=/upload/templefood/FoodDbRecipe10903_g.jpg', 'https://www.koreatemplefood.com/INC/thumb05.php?file=/upload/templefood/FoodDbRecipe10903_h.jpg']"
5,2,돌나물물김치,https://www.koreatemplefood.com/INC/thumb10.php?file=/upload/templefood/FoodDbRecipe10797_a.jpg,"['계절식', '봄', '부식', '김치류', '발효']","['유채나물\n200 g', '무\n1/4 개', '미나리\n50 g', '돌나물\n40 g', '청고추\n1 개', '홍고추\n1/2 개', '당근\n30 g', '소금\n2 테이블스푼', '(쌀풀)', '쌀가루\n1/2 컵', '물\n2 L', '(김칫국물)', '쌀풀', '배\n1/4 개', '사과\n1/4 개', '소금\n2 테이블스푼', '고춧가루\n1 테이블스푼']","['1. 유채나물은 깨끗이 씻은 뒤 손질하여 5cm 길이로 자른다.', '2. 무는 3 × 3 × 0.5cm 크기로 나박썰기 한다.', '3. 유채나물과 무를 소금을 뿌려 1시간 정도 절인 후 한두 번 헹구어 물기를 뺀다.', '4. 미나리는 뿌리 쪽을 잡고 밑동을 잘라준다. 큰 그릇에 물을 받아 미나리를 넣고 식초를 2큰술 정도 넣어 잘 섞어준 뒤 10분 정도 담가 거머리를 제거한다. 흐르는 물에 2~3번 정도 씻어 4cm 크기로 자른다.', '5. 돌나물은 채반에 담아 채반 째 물속에 담갔다 꺼내는 것을 2~3번 반복한다.(돌나물은 만질수록 풋내가 난다.)', '6. 홍고추는 0.5cm 두께로 어슷썰기 하여 물에 담가 씨를 뺀다.', '7. 냄비에 물을 붓고 쌀가루를 고루 풀어 10분 정도 둔 뒤, 불을 켜고 약한 불에서 나무주걱으로 저어가며 20분 정도 끓여 식힌다.', '8. 배와 사과는 강판에 갈아 과일즙을 만든다.', '9. 고춧가루를 베 보자기에 넣고 쌀풀에 담가 주황색이 될 때까지 1분 정도 흔든 뒤 8의 과일즙을 섞는다.', '10. 저장 용기에 유채나물, 미나리, 돌나물, 홍고추를 넣고 고루 섞어준 다음 김칫국물을 붓는다.', '11. 냉장고에 넣지 않고 자연 숙성 하여 3일 후 부터 먹기 시작한다.']","['https://www.koreatemplefood.com/INC/thumb05.php?file=/upload/templefood/FoodDbRecipe10797_a.jpg', 'https://www.koreatemplefood.com/INC/thumb05.php?file=/upload/templefood/FoodDbRecipe10797_b.jpg', 'https://www.koreatemplefood.com/INC/thumb05.php?file=/upload/templefood/FoodDbRecipe10797_c.jpg', 'https://www.koreatemplefood.com/INC/thumb05.php?file=/upload/templefood/FoodDbRecipe10797_d.jpg', 'https://www.koreatemplefood.com/INC/thumb05.php?file=/upload/templefood/FoodDbRecipe10797_e.jpg', 'https://www.koreatemplefood.com/INC/thumb05.php?file=/upload/templefood/FoodDbRecipe10797_f.jpg', 'https://www.koreatemplefood.com/INC/thumb05.php?file=/upload/templefood/FoodDbRecipe10797_g.jpg', 'https://www.koreatemplefood.com/INC/thumb05.php?file=/upload/templefood/FoodDbRecipe10797_h.jpg', 'https://www.koreatemplefood.com/INC/thumb05.php?file=/upload/templefood/FoodDbRecipe10797_i.jpg', 'https://www.koreatemplefood.com/INC/thumb05.php?file=/upload/templefood/FoodDbRecipe10797_j.jpg']"
5,3,알타리김치,https://www.koreatemplefood.com/INC/thumb10.php?file=/upload/templefood/FoodDbRecipe10813_a.jpg,"['계절식', '봄', '부식', '김치류', '발효']","['알타리무\n3 kg', '소금\n1 컵', '늙은호박\n120 g', '건표고\n5 개', '건다시마\n5 장', '채수\n3 컵', '(김치양념)', '호박물', '건고추\n10 개', '밥\n1 공기', '생강\n20 g', '간장\n1/2 컵', '고춧가루\n2 컵']","['1. 알타리무의 무와 줄기 경계부분은 칼로 도려내어 지저분한 흙을 제거한다. 아래 뿌리는 칼로 잘라내고 무에 붙어 있는 잔뿌리도 칼로 깔끔하게 정리한다. 흙이 묻어 있는 부분을 문지르며 깨끗한 물로 여러 번 씻는다.(무청은 뿌리에서 떨어지지 않도록 조심히 손질한다.)', '2. 손질한 알타리무에 소금을 뿌려 2시간 동안 절인 뒤 맑은 물에 두 번 정도 헹구고 채반에 담아 물기를 뺀다.', '3. 건표고, 다시마에 물을 붓고 끓여 채수를 준비한다.', '4. 늙은 호박은 껍질을 벗겨 씨를 제거한 뒤 잘게 자른다.', '5. 냄비에 채수, 잘게 썬 호박을 넣고 센 불에서 15분 정도 끓여 호박물을 만든다.', '6. 건고추를 깨끗이 씻어 찬물에서 20분 정도 불린 후 믹서기에 호박물, 밥, 생강, 간장과 함께 넣고 간 뒤 고춧가루를 섞는다.', '7. 무청을 가지런히 하여 담은 알타리무에 양념을 문지르면서 바른다.', '8. 알타리무 2~3개를 한 손으로 잡고 무청으로 무를 돌돌 말아서 동그랗게 만든 뒤 용기에 차곡차곡 담는다.']","['https://www.koreatemplefood.com/INC/thumb05.php?file=/upload/templefood/FoodDbRecipe10813_a.jpg', 'https://www.koreatemplefood.com/INC/thumb05.php?file=/upload/templefood/FoodDbRecipe10813_b.jpg', 'https://www.koreatemplefood.com/INC/thumb05.php?file=/upload/templefood/FoodDbRecipe10813_c.jpg', 'https://www.koreatemplefood.com/INC/thumb05.php?file=/upload/templefood/FoodDbRecipe10813_d.jpg', 'https://www.koreatemplefood.com/INC/thumb05.php?file=/upload/templefood/FoodDbRecipe10813_e.jpg']"
5,4,가죽겉절이,https://www.koreatemplefood.com/INC/thumb10.php?file=/upload/templefood/FoodDbRecipe10788_a.jpg,"['계절식', '봄', '부식', '김치류', '무치기']","['가죽나물\n200 g', '소금\n1/2 티스푼', '참깨\n1 테이블스푼', '(양념장)', '고춧가루\n1/2 테이블스푼', '고추장\n1 테이블스푼', '매실효소\n1 테이블스푼', '간장\n1/2 티스푼', '들기름\n2/3 테이블스푼']","['1. 가죽나물은 억센 줄기를 잘라낸 후 흐르는 물에 한두 번 헹군다.', '2. 끓는 물에 소금을 넣고 가죽나물을 데친 후 찬물에 헹구어 물기를 짠다.', '3. 고춧가루, 고추장, 매실효소, 간장, 들기름을 고루 섞어 양념장을 만든다.', '4. 3의 양념장에 데친 가죽나물, 참깨를 넣고 골고루 무친다.']","['https://www.koreatemplefood.com/INC/thumb05.php?file=/upload/templefood/FoodDbRecipe10788_a.jpg', 'https://www.koreatemplefood.com/INC/thumb05.php?file=/upload/templefood/FoodDbRecipe10788_b.jpg', 'https://www.koreatemplefood.com/INC/thumb05.php?file=/upload/templefood/FoodDbRecipe10788_c.jpg', 'https://www.koreatemplefood.com/INC/thumb05.php?file=/upload/templefood/FoodDbRecipe10788_d.jpg', 'https://www.koreatemplefood.com/INC/thumb05.php?file=/upload/templefood/FoodDbRecipe10788_e.jpg', 'https://www.koreatemplefood.com/INC/thumb05.php?file=/upload/templefood/FoodDbRecipe10788_f.jpg', 'https://www.koreatemplefood.com/INC/thumb05.php?file=/upload/templefood/FoodDbRecipe10788_g.jpg', 'https://www.koreatemplefood.com/INC/thumb05.php?file=/upload/templefood/FoodDbRecipe10788_h.jpg']"
5,5,곰취김치,https://www.koreatemplefood.com/INC/thumb10.php?file=/upload/templefood/FoodDbRecipe10790_a.jpg,"['계절식', '봄', '부식', '김치류', '무치기']","['곰취\n100 g', '밤\n3 개', '청고추\n2 개', '생강\n20 g', '묽은 찹쌀풀\n1/2 컵', '고춧가루\n3 테이블스푼', '된장\n1 테이블스푼', '간장\n2 테이블스푼']","['1. 곰취는 줄기를 잡고 흐르는 물에 흔들어 씻어 채반에 올려 물기를 뺀다.', '2. 청고추는 깨끗이 씻어 0.5 × 0.5cm 크기로 자른다.', '3. 생강은 깨끗이 씻어 숟가락으로 긁어서 껍질을 제거한 뒤 3 × 0.5cm 크기로 채 썬다.', '4. 밤은 껍질을 벗겨 0.5cm 너비로 채 썬다.', '5. 절구에 된장을 넣고 콩을 으깬다.', '6. 5의 된장에 간장, 고춧가루, 묽은 찹쌀풀을 넣고 고루 섞는다.', '7. 6의 양념에 밤, 생강, 청고추를 넣고 섞는다.', '8. 곰취를 두 장씩 잡고 양념을 바른 다음 다시 두 장을 잡고 양념을 바르는 것을 반복한다.']","['https://www.koreatemplefood.com/INC/thumb05.php?file=/upload/templefood/FoodDbRecipe10790_a.jpg', 'https://www.koreatemplefood.com/INC/thumb05.php?file=/upload/templefood/FoodDbRecipe10790_b.jpg', 'https://www.koreatemplefood.com/INC/thumb05.php?file=/upload/templefood/FoodDbRecipe10790_c.jpg', 'https://www.koreatemplefood.com/INC/thumb05.php?file=/upload/templefood/FoodDbRecipe10790_d.jpg', 'https://www.koreatemplefood.com/INC/thumb05.php?file=/upload/templefood/FoodDbRecipe10790_e.jpg', 'https://www.koreatemplefood.com/INC/thumb05.php?file=/upload/templefood/FoodDbRecipe10790_f.jpg']"
5,6,배추물김치,https://www.koreatemplefood.com/INC/thumb10.php?file=/upload/templefood/FoodDbRecipe10764_a.JPG,"['부식', '김치류', '발효']","['배추\n10 포기', '마른 청각\n20 g', '삭힌 고추\n100 g', '배\n5 개', '생강\n30 g', '홍고추\n2 개', '청고추\n30 g', '소금\n약간', '물\n2 컵', '<찹쌀풀 재료>', '다시마\n300 g', '표고버섯\n15 개', '찹쌀\n300 g', '감자\n5 개', '무\n1/2 개', '물\n적당량']","['1. 배추는 하루전날 소금을 뿌려 절이고, 절인 배추를 씻지 않고 항아리에 담는다.', '2. 청고추와 홍고추, 삭힌 고추는 어슷하게 썬다.', '3. 배는 껍질 벗기고 강판에 갈아 즙을 낸다.', '4. 생강은 껍질을 제거하고 납작하게 편으로 썬다.', '5. 마른 청각은 깨끗하게 씻고 면포에 싸서 넣는다.', '6. 찹쌀풀에 배추절인 물을 섞고 소금간을 약하게 한 후 배즙, 생강편, 고추를 섞는다.', '7. 절인 배추 사이사이에 만든 양념물을 넣어준다. 항아리에 배추와 배추국물을 넣고 면포로 싼 청각을 넣고 2주 정도 숙성시킨다.', '8. ＜찹쌀풀 만들기＞냄비에 다시마, 표고버섯, 통감자, 무를 넣고 찹쌀이 잘 퍼지도록 푹 끓인다.', '9. 끓인 찹쌀 풀을 체에 거르고 식혀서 사용한다.']","['https://www.koreatemplefood.co... (60KB 남음)]"
6,1,퍼데기김치,https://www.koreatemplefood.com/images/board/no_img.jpg,"['부식', '김치류', '발효']","['배추\n673 g', '고춧가루\n38 g', '생강\n32 g', '매실청\n54 g', '설탕\n25 g', '소금\n200 g', '<찹쌀풀>', '찹쌀가루\n1 컵', '물\n5 컵']","['1. 퍼데기 배추에 소금을 뿌린다.','2. 소금 뿌린 퍼데기 배추를 3시간 정도 숨이 죽을 때까지 둔다.','3. 찹쌀가루를 물에 푼다.','4. 찹쌀가루 푼 물을 센 불에서 저어가며 끓인다.','5. 끓기 시작하면 불을 중간 불로 줄이고 잠시 더 끓인다.','6. 다시마 채수를 준비한다.','7. 다시마 채수에 고춧가루, 다진 생강, 찹쌀풀, 매실청, 설탕, 소금을 넣는다.','8. 재료들을 잘 섞어 양념을 만든다.','9. 소금에 절인 퍼데기 배추를 맑은 물에 3회 헹군다.','10. 헹군 배추를 소쿠리에 담고 물기를 뺀다.','11. 물기를 뺀 퍼데기 배추에 양념을 넣는다.','12. 양념과 배추를 골고루 버무린다.','13. 완성된 배추김치를 그릇에 담는다.']",[]
6,2,감김치(단감김치),https://www.koreatemplefood.com/INC/thumb10.php?file=/upload/templefood/FoodDbRecipe10735_a.JPG,"['부식', '김치류', '발효']","['단감\n600 g', '배추\n970 g', '무\n330 g', '대추\n50 g', '밤\n150 g', '고운 고춧가루\n60 g', '간장\n2 컵', '소금\n약간', '<김치양념재료>', '찹쌀가루\n25 g', '연잎가루\n5 g', '과일즙(배,사과)\n1 컵', '잣\n13 g', '참깨\n10 g', '흑임자\n10 g', '생강가루\n5 g', '채수\n1 컵']","['1. 배와 사과를 씻는다.','2. 배와 사과의 껍질과 씨를 제거한다.','3. 배와 사과를 믹서에 간다.','4. 냄비에 물을 붓는다.','5. 냄비에 표고버섯(8개), 다시마(20g), 무(100g)를 넣는다.','6. 재료들을 끓여 채수를 만든다.','7. 배추를 겉절이 김치처럼 자른다.','8. 소금물에 배추를 2시간 절인다.','9. 무의 껍질을 제거한다.','10. 무를 배추와 비슷한 크기로 자른다.','11. 무를 배추와 함께 소금물에 절인다.','12. 단감(감)을 씻는다.','13. 단감의 껍질을 벗기고 씨앗을 제거한다.','14. 단감을 6등분으로 자른다.','15. 단감을 배추 절인 소금물에 함께 절인다.','16. 밤의 껍질을 벗기고 채 썬다.','17. 대추의 씨를 제거하고 채 썬다.','18. 잣의 고깔을 뗀다.','19. 절인 배추, 무, 감을 물에 헹군다.','20. 채반에 담아 물기를 뺀다.','21. 김치 양념을 넣고 재료들을 버무린다.','22. 김치를 용기에 담는다.','23. 냉장고에 넣어 숙성시킨다.','24. 〈양념 만들기〉 끓인 채수를 냄비에 붓는다.','25. 연잎가루와 찹쌀가루를 넣는다.','26. 나무주걱으로 저어가며 끓여 찹쌀풀을 만든다.','27. 찹쌀풀이 식으면 간장, 과일즙, 고춧가루, 생강가루, 흑임자, 참깨, 잣 등을 넣고 섞는다.','28. 대추채, 채 썬 밤을 넣고 양념을 숙성시킨다.']","['https://www.koreatemplefood.com/INC/thumb05.php?file=/upload/templefood/FoodDbRecipe10735_a.JPG', 'https://www.koreatemplefood.com/INC/thumb05.php?file=/upload/templefood/FoodDbRecipe10735_b.JPG', 'https://www.koreatemplefood.com/INC/thumb05.php?file=/upload/templefood/FoodDbRecipe10735_c.JPG']"
6,3,매생이 물김치,https://www.koreatemplefood.com/images/board/no_img.jpg,"['부식', '김치류', '발효']","['매생이\n1 kg', '무\n1 개', '깨소금\n1 테이블스푼', '소금']","['1. 무를 5×0.5cm 크기로 채 썬다.','2. 매생이에 물을 붓는다.','3. 소금을 넣어 간을 맞춘다.','4. 매생이 물에 채 썬 무를 넣는다.','5. 깨소금을 넣는다.','6. 매생이를 잘 풀어가며 섞는다.]",[]
6,4,무 익선김치,https://www.koreatemplefood.com/images/board/no_img.jpg,"['부식', '김치류', '발효']","['무\n1 개', '미나리\n50 g', '갓\n50 g', '고춧가루\n3 테이블스푼', '생강\n30 g', '찹쌀풀\n1/4 컵', '통깨']","['1. 무를 5cm 길이로 자른다.','2. 끓는 물에 무를 약간 무르게 삶는다.','3. 삶은 무를 찬물에 헹군다.','4. 무를 식힌 후 나박썬다.','5. 찹쌀풀을 만든다.','6. 찹쌀풀을 식힌다.','7. 미나리를 5cm 길이로 자른다.','8. 갓을 5cm 길이로 자른다.','9. 생강을 다진다.','10. 고춧가루에 식힌 찹쌀풀을 섞는다.','11. 찹쌀풀 고춧가루 양념에 미나리, 갓, 생강을 넣고 버무린다.','12. 양념에 익힌 무를 넣고 함께 버무린다.]",[]
